timestamp,title,category,summary,link
2026-03-06 10:51:23,第3次（2026）富山県中小企業トランスフォーメーション補助金,補助金・支援,"・富山県内の人手不足解消やDX推進を支援する補助金情報です。
・空き家店舗の業務効率化やオンライン集客基盤の構築に活用できます。
・少人数運営の負担を減らし、顧客との対話時間を増やすチャンスです。",https://toyama-hojokin.com/hojokin/2026/02/91196/
2026-03-06 10:51:23,第5回 中小企業省力化投資補助事業 一般型,補助金・支援,"・IoTやロボットなど、省力化に特化した専用設備の導入を支援する補助金です。
・1〜2人での創業において、オペレーションを自動化・効率化するのに役立ちます。
・浮いた時間を地域コミュニティづくりや集客施策に注力できます。",https://toyama-hojokin.com/hojokin/2026/02/91188/
2026-03-06 10:51:23,大雪警報中の除雪状況について（よいとこ井波）,ニュース,"・井波の観光拠点「よいとこ井波」からの、大雪時のリアルタイムな除雪状況のお知らせです。
・田舎での冬季店舗運営における、お客様への安全配慮やSNS等での情報発信の参考になります。
・地域特有の気象条件に合わせた顧客対応のヒントとしてご活用ください。",https://matidukuri-inami.co.jp/info/heavysnowwarning/
2026-03-06 10:51:23,【2026年問題】リフォーム難民を防ぐ。3月までの契約が「費用」と「工期」に有利な理由,空き家・DIY,"・2026年のリフォーム需要急増による「リフォーム難民」問題と対策の解説です。
・空き家を店舗や拠点にDIY・リノベーションする際、工期遅れや費用高騰を防ぐための知識が得られます。
・スムーズな開業に向けて、早めの計画と契約手配の重要性が学べます。",https://kashiwabaralife.com/renovation/2026_mondai
2026-03-06 10:51:23,窓・壁・床の断熱改修に補助金！2026年の「みらいエコ住宅」制度を徹底解説,空き家・DIY,"・2026年の断熱改修向け補助金「みらいエコ住宅」制度に関する詳細解説です。
・隙間風の多い古い空き家を、お客様が快適に過ごせるコミュニティスペースへ改装する際に役立ちます。
・初期費用を抑えつつ、居心地の良い空間づくりを実現するための必読情報です。",https://kashiwabaralife.com/renovation/mehouse2026
